"NHS Hospital & Community Health Service (HCHS) workforce statistics: All staff by nationality and HEE region in NHS Trusts and CCGs in England, 31 March 2016 to 31 March 2017, headcount",,,,,,,,,,,,,,,,,,,,,,,,,,,,,,


,,March 2016,,,,,,,,,,,,,,,March 2017,,,,,,,,,,,,,
,,England,Health Education East Midlands,Health Education East of England,"Health Education Kent, Surrey and Sussex",Health Education North Central and East London,Health Education North East,Health Education North West,Health Education North West London,Health Education South London,Health Education South West,Health Education Thames Valley,Health Education Wessex,Health Education West Midlands,Health Education Yorkshire and the Humber,,England,Health Education East Midlands,Health Education East of England,"Health Education Kent, Surrey and Sussex",Health Education North Central and East London,Health Education North East,Health Education North West,Health Education North West London,Health Education South London,Health Education South West,Health Education Thames Valley,Health Education Wessex,Health Education West Midlands,Health Education Yorkshire and the Humber
,,,,,,,,,,,,,,,,,,,,,,,,,,,,,,,
All nationalities,,"1,164,471","89,750","104,175","87,282","71,808","72,684","184,616","53,201","60,981","93,408","38,631","55,991","128,660","124,200",,"1,187,125","93,070","107,273","88,054","73,945","72,763","188,424","54,023","62,471","96,111","39,035","56,101","129,988","126,727"
,,,,,,,,,,,,,,,,,,,,,,,,,,,,,,,
United Kingdom,,"944,817","77,328","77,086","66,300","53,160","67,768","165,502","32,216","43,202","73,465","22,917","48,069","110,602","107,852",,"969,354","82,340","79,734","67,472","54,664","67,856","168,893","33,777","44,057","76,716","23,677","47,910","112,593","110,271"
,British,"944,817","77,328","77,086","66,300","53,160","67,768","165,502","32,216","43,202","73,465","22,917","48,069","110,602","107,852",,"968,244","82,318","79,705","67,423","54,607","67,829","168,759","33,765","44,026","76,213","23,663","47,803","112,510","110,227"
,English,-,-,-,-,-,-,-,-,-,-,-,-,-,-,,841,9,15,36,36,16,79,3,18,450,4,88,60,27
,Northern Irish,-,-,-,-,-,-,-,-,-,-,-,-,-,-,,24,2,4,1,2,2,5,1,-,3,-,3,1,-
,Scottish,-,-,-,-,-,-,-,-,-,-,-,-,-,-,,119,5,6,6,12,7,25,5,5,23,3,8,4,10
,Welsh,-,-,-,-,-,-,-,-,-,-,-,-,-,-,,136,6,4,7,8,2,27,3,8,27,7,9,20,8
,,,,,,,,,,,,,,,,,,,,,,,,,,,,,,,
European Union,,"57,604","2,837","6,816","6,138","7,811","1,144","5,272","5,143","6,070","4,105","2,743","3,374","3,337","2,866",,"61,934","3,213","7,253","6,524","8,292","1,285","5,579","5,460","6,560","4,522","3,071","3,734","3,455","3,045"
,Austrian,322,6,25,25,83,4,24,27,57,12,7,14,22,18,,335,9,31,25,80,5,26,28,55,15,10,15,19,18
,Belgian,332,17,40,31,40,9,24,36,44,13,20,12,30,17,,351,20,36,29,48,7,31,34,51,14,23,13,30,17
,Bulgarian,861,61,112,117,97,14,67,79,67,70,32,68,45,32,,959,69,124,118,118,14,76,88,67,87,38,67,45,48
,Croatian,235,7,31,39,37,4,30,7,9,2,19,5,11,35,,265,12,38,48,30,3,33,8,11,2,22,5,17,36
,Cypriot,413,26,42,28,68,7,77,34,35,12,16,9,32,27,,430,27,42,32,68,8,68,40,36,12,23,11,34,29
,Czech,683,35,66,92,82,13,56,62,62,69,30,40,36,40,,695,41,71,90,85,11,60,51,66,68,27,45,42,38
,Danish,376,23,45,49,42,6,23,46,48,24,21,16,23,10,,375,19,51,44,43,4,21,42,58,24,17,16,23,13
,Dutch,"1,406",101,131,123,194,40,112,123,151,116,63,53,112,87,,"1,528",109,138,124,198,41,136,142,170,109,65,63,141,92
,Estonian,155,6,14,22,21,4,11,22,14,14,3,8,7,9,,158,5,13,23,20,6,11,22,18,15,3,7,6,9
,Finnish,382,14,39,35,67,5,30,39,62,23,13,16,26,13,,376,13,38,29,73,6,22,38,62,23,16,20,22,14
,French,"1,371",44,113,124,284,12,87,156,235,71,52,69,63,61,,"1,515",55,123,127,316,16,100,174,276,75,54,70,73,58
,German,"2,337",98,235,196,331,109,222,170,268,182,108,120,176,128,,"2,394",98,245,186,351,104,231,187,265,191,112,125,177,126
,Greek,"2,699",147,287,233,420,60,250,239,387,116,94,119,220,133,,"2,973",146,307,256,441,64,242,276,439,149,99,153,247,158
,Hungarian,"1,069",47,119,145,108,14,87,73,84,121,64,79,61,67,,"1,180",53,138,167,121,17,86,73,92,130,71,98,64,71
,Irish,"12,994",535,"1,205",997,"2,152",374,"1,813","1,364","1,602",639,365,401,903,658,,"13,058",566,"1,198",971,"2,103",403,"1,845","1,392","1,641",670,391,383,879,629
,Italian,"5,228",243,730,535,806,81,401,443,613,391,317,228,314,130,,"6,030",389,792,590,969,135,414,513,745,388,403,265,246,187
,Latvian,369,45,49,57,30,5,33,23,23,27,6,23,23,25,,435,46,65,68,29,7,40,25,29,29,13,24,30,31
,Lithuanian,914,42,154,114,172,7,36,74,84,65,31,39,46,50,,"1,092",63,187,125,202,17,55,83,102,69,37,41,51,60
,Luxembourg,10,-,-,1,4,-,-,1,1,2,1,-,-,-,,14,1,-,2,4,-,-,2,1,1,1,1,-,1
,Maltese,306,11,41,23,39,13,43,11,42,19,12,17,20,15,,324,15,40,23,44,15,48,14,36,17,11,19,23,20
,Polish,"7,297",405,871,929,549,155,657,545,538,765,405,585,378,523,,"8,201",479,996,"1,037",572,171,790,581,554,899,464,658,429,576
,Portuguese,"6,277",319,"1,064",932,748,36,201,560,590,328,402,677,255,167,,"6,780",370,"1,075",978,815,41,240,607,666,372,442,747,268,163
,Romanian,"2,961",220,395,356,286,65,220,226,211,216,138,177,199,253,,"3,622",263,496,485,388,87,247,249,241,297,165,215,241,253
,Slovak,747,33,97,115,90,13,60,65,64,74,24,50,35,27,,799,39,106,121,98,14,54,63,66,76,28,52,41,41
,Slovenian,109,7,12,17,11,1,8,12,9,10,7,6,4,5,,128,5,15,19,12,1,9,18,9,15,4,7,8,6
,Spanish,"7,121",312,833,747,919,78,672,634,690,690,463,516,260,309,,"7,228",268,818,738,937,74,660,623,717,742,500,582,260,316
,Swedish,634,33,66,56,133,15,28,72,80,34,30,27,36,27,,693,33,70,69,129,14,34,87,87,33,32,32,39,35
,,,,,,,,,,,,,,,,,,,,,,,,,,,,,,,
European Economic Area,,371,22,32,39,57,12,35,25,60,17,15,13,23,21,,418,26,38,38,68,14,37,26,64,27,18,16,28,19
,Icelandic,28,3,2,5,4,1,4,1,2,-,-,-,2,4,,31,2,3,3,7,1,5,1,2,1,-,1,2,3
,Norwegian,197,12,23,21,36,3,20,16,19,10,6,8,11,12,,225,17,28,22,37,5,21,14,22,17,8,8,15,12
,Swiss,146,7,7,13,17,8,11,8,39,7,9,5,10,5,,162,7,7,13,24,8,11,11,40,9,10,7,11,4
,,,,,,,,,,,,,,,,,,,,,,,,,,,,,,,
Rest of World,,"71,636","4,045","8,069","6,538","8,861","1,979","7,231","6,763","7,983","3,415","2,478","3,083","6,556","4,689",,"75,032","4,487","8,873","6,775","9,262","2,108","7,485","6,936","8,292","3,529","2,545","3,097","6,845","4,844"
,Afghan,126,10,14,8,14,5,20,10,10,5,3,6,14,7,,129,10,15,13,12,4,20,11,9,6,4,6,14,5
,Albanian,90,3,10,2,17,1,7,13,5,4,6,1,11,10,,95,3,11,2,17,1,7,11,7,2,10,2,13,9
,Algerian,69,5,4,9,18,-,3,8,10,1,5,2,2,2,,75,4,9,11,18,-,4,9,7,1,5,2,2,3
,American,"1,073",66,141,98,124,38,99,85,115,84,48,54,68,53,,"1,169",75,161,98,132,42,112,101,127,88,49,62,65,57
,American Samoan,1,-,-,-,1,-,-,-,-,-,-,-,-,-,,-,-,-,-,-,-,-,-,-,-,-,-,-,-
,Angolan,25,1,1,1,2,-,5,2,3,1,1,1,3,4,,26,2,1,1,3,-,7,1,3,1,-,1,1,5
,Antiguan,6,2,-,-,1,-,-,-,-,-,2,1,-,-,,12,3,-,-,2,-,-,-,1,-,2,1,3,-
,Argentine,27,4,2,2,3,1,5,1,2,1,2,4,-,-,,31,1,3,2,3,1,6,4,2,-,2,4,1,2
,Armenian,7,-,-,1,1,-,-,2,1,-,-,-,1,1,,6,-,-,1,1,-,1,1,1,-,-,-,1,-
,Aruban,2,-,-,-,-,-,-,-,1,-,-,-,1,-,,2,-,-,-,-,-,-,-,1,-,-,-,1,-
,Australian,"1,771",36,96,133,270,19,104,566,234,91,85,51,38,53,,"2,004",33,98,190,300,22,105,635,265,104,87,54,50,66
,Azerbaijani,8,-,-,-,4,-,2,1,1,-,-,-,-,-,,6,-,1,-,1,-,2,-,2,-,-,-,-,-
,Bahamian,7,-,1,2,-,-,2,-,-,1,-,-,1,-,,16,1,1,3,-,1,2,-,-,-,2,-,5,1
,Bahraini,18,2,2,-,1,1,3,2,2,1,-,1,1,2,,21,1,3,-,1,1,4,1,2,2,-,1,2,3
,Bangladeshi,502,23,39,28,138,10,60,45,46,17,9,7,44,36,,553,33,56,32,127,5,66,51,54,21,13,10,57,29
,Barbadian,105,6,11,5,23,2,7,9,19,2,4,3,6,8,,104,9,11,2,25,2,4,9,17,1,5,4,6,9
,Barbudan,-,-,-,-,-,-,-,-,-,-,-,-,-,-,,1,1,-,-,-,-,-,-,-,-,-,-,-,-
,Basotho,5,-,1,-,-,-,-,-,-,1,-,-,1,2,,3,-,-,-,-,-,1,-,-,1,-,-,-,1
,Belarusian,29,1,1,2,4,1,2,1,5,3,1,1,1,6,,30,3,2,3,2,-,4,3,5,1,1,3,1,2
,Belizean,5,-,-,1,-,-,1,-,2,-,-,-,-,1,,5,-,-,1,-,-,2,-,1,-,-,-,-,1
,Beninese,5,-,-,-,-,-,2,1,-,-,-,-,1,1,,5,-,-,-,-,-,2,1,-,-,-,-,1,1
,Bermudian,6,2,-,-,1,1,-,-,-,-,-,-,2,-,,5,1,2,-,-,-,-,-,-,-,-,-,2,-
,Bhutanese,4,-,-,1,-,-,-,-,1,-,-,1,-,1,,4,-,-,2,-,-,-,-,-,-,-,1,-,1
,Bolivian,15,-,-,5,1,-,-,3,3,1,1,-,1,-,,19,1,-,5,2,-,-,3,4,1,2,-,1,-
,Bosnian,21,3,1,2,3,-,-,2,2,1,1,1,1,4,,24,3,1,4,2,-,-,5,1,1,1,1,1,4
,Brazilian,323,12,32,36,55,2,20,35,33,17,18,37,17,10,,350,16,44,34,62,2,18,36,35,18,19,41,15,11
,British Virgin Islander,18,2,-,1,3,1,-,-,4,2,-,-,2,3,,25,4,1,-,4,1,2,-,4,1,-,1,2,5
,Bruneian,44,10,5,3,3,4,9,2,1,-,-,1,4,2,,52,11,5,4,-,5,9,2,3,-,1,3,7,2
,Burkinabe,7,-,1,-,5,-,-,-,-,-,-,-,1,-,,6,-,-,-,4,-,-,1,-,-,-,-,1,-
,Burmese,242,21,32,11,13,18,28,9,21,11,5,11,28,35,,270,19,42,21,17,22,30,11,11,13,5,13,28,38
,Burundi,27,-,3,1,6,-,1,2,4,2,1,1,1,5,,28,2,2,1,5,-,1,2,7,2,2,1,-,3
,Cambodian,2,-,1,-,-,-,-,-,-,-,-,-,1,-,,2,-,1,-,-,-,-,-,-,-,-,-,1,-
,Cameroonian,243,16,14,9,29,1,34,21,32,14,8,12,39,14,,246,13,15,11,33,2,31,18,32,14,8,17,37,15
,Canadian,767,55,70,65,91,24,89,63,73,45,32,42,59,59,,826,66,81,71,99,26,87,73,64,44,36,38,74,68
,Cape Verdean,3,-,-,-,1,-,-,2,-,-,-,-,-,-,,3,-,-,-,1,-,-,2,-,-,-,-,-,-
,Caymanian,47,-,-,-,-,-,-,-,47,-,-,-,-,-,,39,-,-,-,-,-,-,-,39,-,-,-,-,-
,Central African,101,3,5,4,5,-,10,7,15,7,26,1,10,8,,88,2,3,4,5,-,10,8,12,4,22,-,12,6
,Chadian,1,-,-,-,-,-,1,-,-,-,-,-,-,-,,3,1,1,-,-,-,1,-,-,-,-,-,-,-
,Channel Islander,15,2,-,-,-,2,4,-,-,2,3,1,1,-,,12,2,-,-,-,2,3,-,-,2,2,1,-,-
,Chilean,33,1,-,2,6,-,1,4,7,2,3,1,2,5,,35,1,-,3,5,-,1,4,7,2,5,2,2,4
,Chinese,756,24,79,82,81,16,74,58,75,68,31,69,62,37,,766,30,84,83,65,19,76,61,71,70,25,69,64,49
,Colombian,116,-,10,16,20,-,8,17,20,6,3,6,7,3,,113,-,11,16,19,-,8,18,21,5,4,4,6,2
,Congolese,137,4,11,7,24,2,15,12,18,4,2,4,13,21,,149,6,12,7,21,3,22,12,13,4,5,3,16,26
,Costa Rican,2,-,-,-,-,-,-,-,-,-,-,1,1,-,,4,1,-,-,-,-,-,-,-,-,-,1,1,1
,Cuban,15,2,2,1,-,-,5,1,2,-,-,1,1,-,,16,2,2,1,-,-,6,1,3,-,-,-,1,-
,Dominican,33,-,3,1,6,-,3,7,6,-,4,3,-,-,,38,-,4,2,11,-,3,7,4,-,3,4,-,-
,Dutch Antillean,9,-,-,-,-,-,1,-,-,-,1,3,2,2,,8,-,-,-,-,-,1,-,-,-,1,2,2,2
,Ecuadorian,20,-,2,-,5,-,-,3,4,1,-,2,2,1,,19,-,2,1,6,-,-,2,5,-,1,1,-,1
,Egyptian,873,76,104,75,62,46,136,24,54,67,15,40,116,60,,989,103,126,85,62,62,152,40,49,56,18,45,114,78
,Emirati,6,1,1,-,1,1,1,-,-,-,-,-,1,-,,18,-,-,2,2,-,3,3,1,-,3,-,3,1
,Equatorial Guinean,4,1,3,-,-,-,-,-,-,-,-,-,-,-,,4,-,3,1,-,-,-,-,-,-,-,-,-,-
,Eritrean,129,1,1,4,12,-,7,12,7,8,-,3,15,59,,146,2,3,4,15,-,6,12,9,9,-,1,15,70
,Ethiopian,93,3,4,4,16,1,6,18,10,7,3,-,5,16,,88,5,4,2,14,1,7,18,8,6,3,-,5,15
,Faroese,1,-,-,-,-,-,1,-,-,-,-,-,-,-,,1,-,-,-,-,-,1,-,-,-,-,-,-,-
,Fijian,48,1,5,2,3,-,1,2,1,4,4,8,17,-,,54,2,5,3,3,-,2,2,2,3,3,7,21,1
,French Guianese,2,-,-,-,1,-,-,-,-,-,-,-,1,-,,2,-,-,-,1,-,-,-,-,-,-,-,1,-
,French Polynesian,1,-,-,-,-,1,-,-,-,-,-,-,-,-,,1,-,-,-,-,1,-,-,-,-,-,-,-,-
,Gabonese,11,-,2,-,-,-,1,-,3,1,1,-,3,-,,7,-,1,-,-,-,1,-,3,-,-,-,2,-
,Gambian,181,5,14,28,23,3,15,9,13,29,4,8,22,8,,197,6,16,33,23,2,19,8,14,32,4,5,23,12
,Georgian,12,-,2,-,1,-,-,3,2,2,-,-,2,-,,12,-,2,1,1,-,1,3,2,1,-,-,1,-
,Ghanaian,"2,246",84,154,127,588,11,106,306,493,42,88,52,75,121,,"2,349",97,166,131,622,15,117,307,512,42,98,50,80,114
,Gibraltar,8,-,5,-,1,-,1,1,-,-,-,-,-,-,,7,-,4,-,1,-,-,2,-,-,-,-,-,-
,Grenadian,52,-,6,-,9,-,1,14,9,2,5,-,3,3,,48,-,5,-,11,-,1,13,7,-,5,1,3,2
,Guadeloupe,-,-,-,-,-,-,-,-,-,-,-,-,-,-,,1,1,-,-,-,-,-,-,-,-,-,-,-,-
,Guamanian,1,-,-,-,1,-,-,-,-,-,-,-,-,-,,1,-,-,-,1,-,-,-,-,-,-,-,-,-
,Guatemalan,5,1,-,-,1,1,-,-,-,1,-,-,-,1,,4,-,-,-,1,-,-,-,1,1,-,-,-,1
,Guinean,24,1,1,2,3,-,-,3,3,-,1,3,1,6,,23,1,1,2,5,-,1,3,2,-,1,2,1,4
,Guyanese,145,7,17,7,22,-,8,15,35,9,6,9,9,1,,145,5,21,7,24,-,9,13,34,8,5,7,9,3
,Haitian,2,-,-,-,1,-,-,-,1,-,-,-,-,-,,2,-,-,-,2,-,-,-,-,-,-,-,-,-
,Honduran,9,2,-,1,-,-,2,-,1,1,-,-,2,-,,9,1,-,1,1,-,1,-,1,2,-,-,2,-
,Hong Kong (British/Chinese),81,3,8,11,8,3,8,4,4,7,4,7,6,8,,86,2,10,8,7,1,9,6,7,8,8,6,3,11
,Indian,"17,585","1,370","2,336","1,369","1,250",640,"2,588","1,308","1,010","1,009",557,748,"2,165","1,243",,"18,131","1,538","2,548","1,357","1,264",629,"2,643","1,348","1,013","1,027",564,770,"2,176","1,262"
,Indonesian,57,5,6,4,10,2,9,2,3,5,1,-,6,4,,63,6,5,2,13,3,10,3,3,5,2,2,5,4
,Iranian,331,19,30,21,43,10,43,39,35,14,16,15,20,26,,353,20,38,18,55,13,49,29,35,16,13,12,20,35
,Iraqi,265,19,29,24,18,12,53,13,20,4,9,5,26,33,,284,23,28,24,11,13,52,17,15,7,12,8,35,39
,Israeli,67,1,7,5,16,2,9,6,3,2,3,2,6,6,,70,1,8,6,14,2,7,8,7,2,1,1,8,5
,Ivorian,53,2,-,2,13,2,1,11,11,1,2,-,3,5,,51,2,-,1,13,1,-,10,14,2,1,-,1,6
,Jamaican,"1,595",64,70,42,313,3,61,166,410,79,19,15,301,52,,"1,693",76,72,47,353,2,65,167,428,82,20,11,325,46
,Japanese,231,5,24,20,38,3,20,22,27,23,13,16,11,9,,223,5,28,19,33,3,17,30,22,20,10,16,9,11
,Jordanian,121,6,12,7,13,4,28,5,8,6,3,10,7,13,,136,8,10,10,12,5,25,3,12,11,9,11,8,13
,Kazakhstani,10,-,1,2,2,-,-,1,-,-,2,-,-,2,,11,-,3,2,3,1,-,1,-,-,1,-,-,-
,Kenyan,718,42,86,40,92,15,64,93,72,37,36,33,42,66,,709,38,87,48,87,16,63,89,71,45,37,26,44,58
,Kittitian,5,-,-,1,-,-,-,-,-,-,1,-,3,-,,4,3,-,1,-,-,-,-,-,-,-,-,-,-
,Korean,88,8,7,10,13,2,7,5,15,1,3,8,4,5,,91,9,7,13,11,2,5,8,14,4,4,6,4,5
,Kuwaiti,16,-,-,1,2,-,3,3,2,2,-,-,-,3,,15,-,-,1,-,-,5,3,2,1,-,-,1,2
,Kyrgyzstani,4,1,-,1,-,-,-,2,-,-,-,-,-,-,,5,1,-,-,-,-,-,3,-,-,-,-,1,-
,Lebanese,46,4,6,5,6,-,5,4,5,2,3,-,1,5,,54,8,5,4,11,-,8,6,5,-,3,-,1,3
,Liberian,33,2,-,2,5,-,2,4,7,-,1,-,2,8,,38,4,1,2,4,-,4,3,6,-,2,1,3,8
,Libyan,147,15,5,8,3,12,48,6,5,6,-,3,15,21,,151,17,3,7,5,8,50,6,6,8,-,1,18,22
,Macedonian,21,1,5,3,3,-,-,1,3,-,2,2,1,-,,20,1,4,3,3,-,-,1,3,-,2,2,1,-
,Malagasy,2,-,1,-,-,-,-,-,-,-,-,-,1,-,,1,-,1,-,-,-,-,-,-,-,-,-,-,-
,Malawian,206,37,27,19,12,3,41,6,8,10,8,3,18,14,,211,39,29,16,14,3,38,5,8,11,5,4,22,17
,Malaysian,"2,010",193,185,132,245,110,316,147,166,64,59,61,176,162,,"2,124",198,207,135,244,125,341,143,174,68,71,67,179,172
,Maldivian,12,-,4,1,-,-,3,-,1,1,-,-,2,-,,20,1,4,2,1,-,6,1,1,1,-,1,2,-
,Malian,2,-,1,-,-,-,1,-,-,-,-,-,-,-,,1,-,-,-,-,-,1,-,-,-,-,-,-,-
,Manx,18,1,2,-,-,-,11,-,-,1,-,-,-,3,,23,1,2,1,-,-,11,1,-,1,-,-,2,4
,Mauritanian,250,14,18,44,60,6,6,29,39,1,4,4,21,4,,239,14,22,37,59,3,6,26,36,2,3,4,21,6
,Mauritian,"1,274",57,127,160,311,28,59,165,198,25,36,28,44,38,,"1,245",54,135,155,314,27,58,154,186,23,27,23,51,41
,Mexican,35,1,7,6,3,2,4,-,2,3,2,1,-,4,,44,2,8,7,4,1,4,-,1,4,4,1,4,4
,Moldovan,7,2,-,-,-,-,-,2,1,1,-,1,-,-,,12,3,-,-,2,1,1,2,1,1,-,1,-,-
,Mongolian,8,-,-,-,1,-,2,3,2,-,-,-,-,-,,7,-,1,-,1,-,2,2,1,-,-,-,-,-
,Montenegrin,1,-,-,-,-,-,-,-,-,1,-,-,-,-,,3,-,-,-,-,-,1,1,-,1,-,-,-,-
,Montserratian,2,-,-,-,-,-,-,-,-,-,-,-,2,-,,3,2,-,-,-,-,-,-,-,-,-,-,1,-
,Moroccan,49,-,7,4,10,-,2,8,4,4,4,3,1,2,,51,1,8,5,7,-,3,9,4,5,4,2,1,2
,Motswana,43,-,5,1,6,1,7,1,4,5,1,1,2,9,,44,-,4,2,7,1,7,2,4,3,1,3,2,8
,Mozambican,6,1,-,-,-,-,1,1,1,-,1,-,-,1,,10,1,4,-,-,-,1,1,1,-,1,-,-,1
,Namibian,24,1,1,3,2,-,2,-,3,8,1,-,1,2,,26,1,4,1,3,-,2,-,1,8,1,1,1,3
,Nepalese,"1,468",18,98,557,103,20,27,242,125,45,59,91,54,30,,"1,501",20,119,523,119,20,18,253,133,47,61,101,56,32
,New Zealand,624,16,57,53,115,8,31,90,107,42,25,29,21,31,,619,20,51,62,104,7,29,92,111,49,21,23,21,30
,Nicaraguan,1,-,-,-,-,-,-,-,-,-,-,1,-,-,,1,-,-,-,-,-,-,-,-,-,-,1,-,-
,Nigerian,"4,920",187,346,254,"1,151",64,413,491,"1,167",141,120,96,282,215,,"5,218",217,399,281,"1,210",90,418,509,"1,219",132,118,92,308,227
,Nigerien,93,1,6,6,17,1,8,12,14,2,5,-,13,8,,121,3,9,6,24,2,14,14,17,3,5,-,17,7
,Ni-Vanuatu,1,-,-,-,-,-,1,-,-,-,-,-,-,-,,1,-,-,-,-,-,1,-,-,-,-,-,-,-
,Norfolk Islander,2,-,-,-,-,-,1,-,1,-,-,-,-,-,,2,-,-,-,-,-,1,-,1,-,-,-,-,-
,Omani,18,1,11,-,1,1,1,-,-,2,1,-,-,-,,25,1,10,-,3,3,2,-,-,2,1,1,-,2
,Pakistani,"3,092",256,264,171,242,118,647,151,155,100,79,82,411,419,,"3,365",317,328,202,240,127,692,154,151,95,89,83,461,429
,Palauan,2,-,-,-,1,-,-,-,-,-,-,-,-,1,,2,-,-,-,1,-,-,-,-,-,-,-,-,1
,Palestinian,-,-,-,-,-,-,-,-,-,-,-,-,-,-,,9,-,-,1,2,-,1,2,-,2,-,1,-,-
,Panamanian,3,-,-,-,-,-,1,1,-,1,-,-,-,-,,3,-,-,-,-,-,1,1,-,1,-,-,-,-
,Papua New Guinean,6,1,-,1,1,-,2,-,-,1,-,-,-,-,,8,1,-,1,1,-,2,-,-,1,1,-,-,1
,Paraguayan,1,-,-,-,-,1,-,-,-,-,-,-,-,-,,2,-,-,-,-,1,-,-,-,-,-,1,-,-
,Peruvian,41,2,3,7,4,-,5,2,7,1,2,4,3,1,,47,2,5,7,5,-,4,5,6,1,1,5,4,2
,Philippine,"13,783",454,"2,037","1,772","1,499",442,902,"1,237","1,652",659,424,862,"1,106",741,,"14,755",476,"2,248","1,888","1,694",495,951,"1,236","1,858",691,437,874,"1,166",744
,Pitcairn Islander,-,-,-,-,-,-,-,-,-,-,-,-,-,-,,1,1,-,-,-,-,-,-,-,-,-,-,-,-
,Pohnpeian,1,-,-,-,-,-,-,1,-,-,-,-,-,-,,1,-,-,-,-,-,-,1,-,-,-,-,-,-
,Puerto Rican,1,-,-,-,-,-,-,-,-,-,-,1,-,-,,1,-,-,1,-,-,-,-,-,-,-,-,-,-
,Qatari,3,-,-,-,-,-,2,-,-,-,1,-,-,-,,4,-,-,-,-,-,2,-,-,-,2,-,-,-
,Reunionese,3,-,-,-,-,-,-,-,-,-,-,-,3,-,,3,-,-,-,-,-,-,-,-,-,-,-,3,-
,Russian,168,11,21,15,21,5,11,20,12,12,9,12,13,6,,186,12,26,16,21,7,13,20,13,14,8,11,16,9
,Rwandan,44,1,1,1,8,-,-,4,10,1,7,3,3,5,,45,1,3,1,9,-,-,5,11,2,7,-,2,4
,Saint Helenian,1,-,-,-,1,-,-,-,-,-,-,-,-,-,,2,-,1,-,1,-,-,-,-,-,-,-,-,-
,Saint Lucian,60,3,7,3,20,-,2,6,12,-,2,4,1,-,,70,2,8,3,24,-,2,7,11,2,2,5,2,2
,Saint Vincentian,30,-,1,3,5,-,1,4,4,2,5,4,1,-,,31,-,2,3,4,-,1,4,6,4,4,2,1,-
,Salvadoran,4,-,-,1,-,-,-,1,1,-,1,-,-,-,,5,-,-,1,-,-,-,1,2,-,1,-,-,-
,Samoan,3,1,-,-,1,-,1,-,-,-,-,-,-,-,,2,1,-,-,1,-,-,-,-,-,-,-,-,-
,Saudi Arabian,28,4,3,2,2,-,6,3,1,3,2,-,2,-,,35,2,3,2,3,-,4,4,-,5,3,1,4,4
,Senegalese,23,-,1,1,4,-,1,6,4,4,-,-,2,-,,26,1,1,1,4,-,1,5,3,7,-,-,3,-
,Serbian,75,5,8,9,14,2,8,8,6,2,5,1,5,2,,83,7,9,8,17,2,9,6,7,3,6,1,4,4
,Seychellois,32,-,-,6,6,-,1,6,6,2,-,1,1,3,,32,1,-,7,5,-,1,6,5,1,-,1,1,4
,Sierra Leonean,509,6,17,19,128,-,18,65,204,12,14,2,14,10,,518,8,24,21,125,-,14,69,206,13,14,2,12,10
,Singaporean,299,12,36,29,41,5,31,40,31,15,13,12,20,15,,321,14,38,20,42,8,35,41,40,12,15,12,24,20
,Somali,227,8,3,5,36,-,19,36,11,60,6,1,19,23,,252,15,5,6,38,-,18,37,14,71,7,2,14,25
,South African,"1,660",56,215,167,193,40,120,162,185,106,99,115,140,63,,"1,639",60,215,169,182,41,115,159,179,118,96,105,137,63
,Sri Lankan,"1,246",78,203,128,148,31,82,112,114,51,47,59,119,74,,"1,266",91,209,130,151,26,89,113,113,48,49,51,128,69
,Sudanese,433,37,47,24,22,48,83,11,21,18,6,8,52,57,,461,43,58,27,21,63,78,9,20,17,10,9,46,60
,Surinamese,1,-,-,-,-,-,-,-,1,-,-,-,-,-,,-,-,-,-,-,-,-,-,-,-,-,-,-,-
,Swazi,31,3,6,3,4,1,1,2,1,2,-,3,5,-,,35,3,6,4,5,1,2,2,3,2,-,3,4,-
,Syrian,137,4,12,15,12,8,25,7,7,5,4,3,13,22,,147,8,14,12,9,8,26,6,5,6,5,8,14,26
,Taiwanese,26,-,2,2,1,1,2,6,2,2,1,1,4,2,,32,-,1,4,2,1,5,4,4,2,1,2,3,3
,Tajikistani,-,-,-,-,-,-,-,-,-,-,-,-,-,-,,1,-,1,-,-,-,-,-,-,-,-,-,-,-
,Tanzanian,134,8,14,13,21,7,8,14,11,2,9,7,13,8,,138,11,11,14,21,6,9,15,12,4,9,5,13,8
,Thai,258,13,38,38,7,11,46,6,9,27,5,14,16,28,,277,13,37,40,9,8,50,5,7,32,6,22,15,34
,Timorese,3,-,-,-,1,-,-,-,-,-,2,-,-,-,,3,-,-,-,1,-,-,-,-,-,2,-,-,-
,Tobagonian,20,-,2,1,-,1,1,3,3,2,1,-,4,2,,20,2,2,1,-,-,3,2,2,2,1,-,4,1
,Togolese,10,-,1,1,1,1,1,2,1,-,-,-,1,1,,11,-,1,-,2,1,1,2,2,-,-,-,1,1
,Tongan,2,-,-,1,-,-,-,-,-,-,-,-,1,-,,2,-,-,1,-,-,-,-,-,-,-,-,1,-
,Trinidadian,593,22,59,46,125,7,28,79,102,18,24,6,47,31,,589,26,61,47,123,7,27,73,97,20,22,7,46,33
,Trukese,1,-,-,-,1,-,-,-,-,-,-,-,-,-,,1,-,-,-,1,-,-,-,-,-,-,-,-,-
,Tunisian,32,1,6,6,6,-,2,-,-,2,1,2,3,3,,36,1,6,4,7,-,2,-,2,4,1,1,5,3
,Turkish,166,10,15,13,30,8,21,16,14,6,5,6,14,8,,171,7,16,18,33,7,18,18,15,6,7,8,11,7
,Turkmen,3,-,1,-,-,-,-,-,-,1,1,-,-,-,,3,-,1,-,-,-,-,-,-,1,1,-,-,-
,Tuvaluan,1,-,-,-,1,-,-,-,-,-,-,-,-,-,,1,-,-,-,1,-,-,-,-,-,-,-,-,-
,Ugandan,449,6,26,39,101,4,18,63,105,16,22,17,15,18,,479,10,28,37,120,4,20,70,114,14,21,9,14,19
,Ukrainian,150,11,20,15,18,4,13,18,7,11,2,4,19,8,,158,13,18,14,20,3,15,18,11,12,3,7,15,9
,Uruguayan,3,-,1,-,1,-,-,-,-,-,-,1,-,-,,5,1,1,-,1,-,-,-,-,-,-,2,-,-
,Uzbekistani,32,-,3,4,9,-,2,4,2,1,-,4,2,1,,30,-,4,3,8,-,1,4,4,1,-,2,2,1
,Venezuelan,37,3,6,5,4,-,2,4,4,3,2,1,2,1,,41,2,5,6,8,-,2,2,6,3,-,1,5,1
,Vietnamese,28,-,2,1,1,1,3,3,5,2,-,5,4,1,,35,1,3,1,3,2,3,6,5,1,-,4,4,2
,Yemeni,18,1,-,-,2,-,3,2,1,-,-,-,5,4,,18,-,-,-,2,-,2,3,1,-,-,-,6,4
,Zambian,493,42,52,31,61,2,67,34,36,20,20,17,37,74,,469,46,51,25,56,2,59,31,34,21,19,17,38,70
,Zimbabwean,"3,941",389,488,332,449,64,248,331,297,123,224,186,458,354,,"3,867",364,507,322,430,64,251,306,276,122,221,164,490,352
,Unknown,2,1,-,1,-,-,-,-,-,-,-,-,-,-,,1,1,-,-,-,-,-,-,-,-,-,-,-,-
,,,,,,,,,,,,,,,,,,,,,,,,,,,,,,,
Unknown,,"90,528","5,535","12,207","8,290","1,937","1,787","6,608","9,090","3,681","12,446","10,503","1,462","8,191","8,801",,"80,822","3,011","11,406","7,263","1,671","1,503","6,470","7,855","3,513","11,360","9,745","1,352","7,103","8,576"
,,,,,,,,,,,,,,,,,,,,,,,,,,,,,,,
"Source: NHS Digital, Provisional NHS Hospital & Community Health Service (HCHS) monthly workforce statistics.",,,,,,,,,,,,,,,,,,,,,,,,,,,,,,
"Copyright © 2017 Health and Social Care Information Centre. The Health and Social Care Information Centre is a non-departmental body created by statute, also known as NHS Digital.",,,,,,,,,,,,,,,,,,,,,,,,,,,,,,

Notes:,,,,,,,,,,,,,,,,,,,,,,,,,,,,,,
Headcount totals are unlikely to equal the sum of components due to some staff working in more than one role. ,,,,,,,,,,,,,,,,,,,,,,,,,,,,,,
'-' denotes zero ,,,,,,,,,,,,,,,,,,,,,,,,,,,,,,
,,,,,,,,,,,,,,,,,,,,,,,,,,,,,,,
"The nationality field available within the Electronic Staff Record (ESR) system upon which these figures are based, contains self-reported information from individual employees.",,,,,,,,,,,,,,,,,,,,,,,,,,,,,,
Nationally thousands of NHS staff records do not contain useful data with people choosing not to specify their nationality or not asked to.,,,,,,,,,,,,,,,,,,,,,,,,,,,,,,
"In addition, as nationality is self-reported the value entered by an individual may reflect their cultural heritage rather than their country of birth. As such, these figures should be treated with a significant degree of caution.",,,,,,,,,,,,,,,,,,,,,,,,,,,,,,
"Therefore these figures do not necessarily equate to migrants from other countries, and such data is not captured elsewhere in the workforce systems.",,,,,,,,,,,,,,,,,,,,,,,,,,,,,,
Additional categories for countries in the UK are now showing in tables relating to nationality.,,,,,,,,,,,,,,,,,,,,,,,,,,,,,,
"Numbers in each nationality group may increase over time as more staff provide nationality information and ""Unknowns"" decrease.",,,,,,,,,,,,,,,,,,,,,,,,,,,,,,
,,,,,,,,,,,,,,,,,,,,,,,,,,,,,,,
"Following a public consultation in 2015, categorisation of Trusts and staff groups has changed therefore restricting comparability with publications prior to 2009. ",,,,,,,,,,,,,,,,,,,,,,,,,,,,,,
More details regarding these changes can be found in the outcomes of the consultation document available at the link below.,,,,,,,,,,,,,,,,,,,,,,,,,,,,,,
http://content.digital.nhs.uk/hchs,,,,,,,,,,,,,,,,,,,,,,,,,,,,,,
,,,,,,,,,,,,,,,,,,,,,,,,,,,,,,,
Data Quality,,,,,,,,,,,,,,,,,,,,,,,,,,,,,,
NHS Digital seeks to minimise inaccuracies and the effect of missing and invalid data but responsibility for data accuracy lies with the organisations providing the data. ,,,,,,,,,,,,,,,,,,,,,,,,,,,,,,
"Methods are continually being updated to improve data quality.  Where changes impact on figures already published, this is assessed but unless it is significant at national level figures are not changed.",,,,,,,,,,,,,,,,,,,,,,,,,,,,,,
,,,,,,,,,,,,,,,,,,,,,,,,,,,,,,,
,,,,,,,,,,,,,,,,,,,,,,,,,,,,,,,
,,,,,,,,,,,,,,,,,,,,,,,,,,,,,,,
,,,,,,,,,,,,,,,,,,,,,,,,,,,,,,,
"NHS Hospital & Community Health Service (HCHS) workforce statistics: All staff by nationality and HEE region in NHS Trusts and CCGs in England, 31 March 2016 to 31 March 2017, full time equivalent",,,,,,,,,,,,,,,,,,,,,,,,,,,,,,
,,,,,,,,,,,,,,,,,,,,,,,,,,,,,,,
,,,,,,,,,,,,,,,,,,,,,,,,,,,,,,,
,,March 2016,,,,,,,,,,,,,,,March 2017,,,,,,,,,,,,,
,,England,Health Education East Midlands,Health Education East of England,"Health Education Kent, Surrey and Sussex",Health Education North Central and East London,Health Education North East,Health Education North West,Health Education North West London,Health Education South London,Health Education South West,Health Education Thames Valley,Health Education Wessex,Health Education West Midlands,Health Education Yorkshire and the Humber,,England,Health Education East Midlands,Health Education East of England,"Health Education Kent, Surrey and Sussex",Health Education North Central and East London,Health Education North East,Health Education North West,Health Education North West London,Health Education South London,Health Education South West,Health Education Thames Valley,Health Education Wessex,Health Education West Midlands,Health Education Yorkshire and the Humber
,,,,,,,,,,,,,,,,,,,,,,,,,,,,,,,
All nationalities,,"1,027,100","78,052","91,627","76,497","66,416","63,755","162,586","49,213","56,198","80,187","33,848","48,526","112,419","107,776",,"1,047,679","80,945","94,503","77,324","68,357","63,878","165,988","49,974","57,594","82,526","34,281","48,581","113,763","109,964"
,,,,,,,,,,,,,,,,,,,,,,,,,,,,,,,
United Kingdom,,"827,210","66,861","67,168","57,423","48,822","59,262","145,232","29,501","39,469","62,984","19,887","41,261","96,180","93,160",,"848,754","71,183","69,504","58,540","50,158","59,372","148,245","30,940","40,234","65,678","20,569","41,063","98,031","95,238"
,British,"827,210","66,861","67,168","57,423","48,822","59,262","145,232","29,501","39,469","62,984","19,887","41,261","96,180","93,160",,"847,715","71,165","69,478","58,494","50,102","59,346","148,116","30,928","40,203","65,210","20,557","40,965","97,950","95,199"
,English,-,-,-,-,-,-,-,-,-,-,-,-,-,-,,776,7,13,32,34,15,73,3,17,418,3,79,58,23
,Northern Irish,-,-,-,-,-,-,-,-,-,-,-,-,-,-,,23,2,4,1,2,2,5,1,-,3,-,3,1,-
,Scottish,-,-,-,-,-,-,-,-,-,-,-,-,-,-,,111,5,6,6,12,7,25,5,5,20,2,7,3,9
,Welsh,-,-,-,-,-,-,-,-,-,-,-,-,-,-,,130,5,4,7,8,2,26,3,8,27,6,8,19,8
,,,,,,,,,,,,,,,,,,,,,,,,,,,,,,,
European Union,,"53,760","2,629","6,363","5,661","7,391","1,058","4,870","4,870","5,750","3,761","2,580","3,148","3,060","2,619",,"57,737","2,971","6,740","6,026","7,830","1,201","5,160","5,155","6,209","4,135","2,889","3,481","3,160","2,780"
,Austrian,295,5,23,22,78,4,22,26,50,10,6,13,20,17,,305,8,27,22,74,5,24,26,50,13,8,13,17,17
,Belgian,293,15,34,27,36,9,20,33,40,11,17,11,25,14,,315,19,30,26,45,7,27,32,47,12,19,12,26,13
,Bulgarian,807,58,107,108,93,12,61,75,64,65,28,63,42,31,,894,66,116,107,113,12,70,83,65,79,35,61,42,45
,Croatian,233,7,31,38,36,4,30,6,8,2,19,5,11,35,,258,12,37,47,28,3,32,7,11,2,22,5,17,36
,Cypriot,403,26,41,27,66,7,76,33,34,12,15,9,31,26,,417,26,41,32,65,8,67,38,36,12,21,10,33,28
,Czech,604,32,61,77,76,12,46,56,58,60,26,34,31,33,,620,38,64,76,77,10,53,48,61,61,24,38,36,32
,Danish,333,20,39,43,39,5,19,43,41,20,19,15,21,9,,332,17,45,40,41,4,17,38,50,20,15,14,21,12
,Dutch,"1,262",90,115,108,182,34,102,114,140,97,53,48,103,76,,"1,367",93,123,109,183,37,125,130,157,91,55,55,127,82
,Estonian,142,5,13,21,21,3,10,21,13,13,3,7,7,7,,146,4,12,22,19,5,11,21,18,12,3,6,6,7
,Finnish,350,12,35,31,64,5,27,36,57,21,12,14,23,12,,343,11,34,27,68,6,20,36,58,20,15,18,19,13
,French,"1,242",39,101,111,261,12,76,143,218,61,48,62,58,54,,"1,376",48,109,113,290,16,90,160,257,66,47,63,66,51
,German,"2,079",89,206,173,301,98,196,150,244,156,93,104,155,112,,"2,135",87,217,165,322,93,209,169,237,167,97,109,154,110
,Greek,"2,619",143,283,227,395,59,243,232,374,113,91,115,216,128,,"2,873",141,303,248,417,62,234,265,423,145,96,147,241,151
,Hungarian,"1,005",43,110,133,103,14,83,71,79,111,61,75,58,64,,"1,101",48,129,154,114,17,81,70,85,116,65,93,61,67
,Irish,"11,848",472,"1,078",903,"1,998",345,"1,640","1,275","1,504",570,326,365,782,591,,"11,890",501,"1,075",870,"1,950",373,"1,669","1,296","1,533",592,353,345,763,569
,Italian,"5,023",231,700,506,773,80,388,428,588,378,309,217,302,122,,"5,775",373,752,554,929,134,396,494,713,371,392,252,235,180
,Latvian,322,40,42,47,28,5,29,21,22,23,5,19,19,23,,381,41,52,58,26,7,35,23,27,25,11,22,26,28
,Lithuanian,833,36,139,97,165,7,33,71,81,58,29,35,40,42,,990,53,167,104,194,16,50,78,96,62,34,37,46,52
,Luxembourg,9,-,-,1,4,-,-,1,1,2,0,-,-,-,,12,1,-,2,4,-,-,1,1,1,0,1,-,1
,Maltese,291,11,38,21,36,13,42,11,40,18,11,16,19,16,,308,15,37,21,41,14,46,14,35,16,11,18,21,20
,Polish,"6,576",367,780,836,518,136,585,509,508,661,370,518,339,449,,"7,403",430,889,935,538,156,710,544,525,786,428,583,385,494
,Portuguese,"6,074",310,"1,037",889,728,34,194,541,569,315,397,660,244,157,,"6,554",358,"1,040",936,791,40,231,586,646,355,435,729,255,151
,Romanian,"2,863",211,384,343,277,64,211,216,206,209,133,168,192,249,,"3,488",255,475,466,375,86,238,238,235,284,156,203,234,244
,Slovak,680,30,91,105,84,10,55,61,59,67,21,44,31,24,,721,35,98,110,90,12,49,59,60,68,24,45,35,37
,Slovenian,101,7,11,16,11,1,8,12,9,8,6,5,4,5,,123,5,14,18,12,1,9,18,8,14,4,7,7,6
,Spanish,"6,896",301,808,708,890,73,647,619,668,669,455,504,252,301,,"6,981",257,791,705,902,68,635,601,697,716,489,565,251,304
,Swedish,577,28,60,46,127,13,26,66,75,29,27,23,33,24,,629,29,64,59,122,13,32,80,79,28,29,28,35,32
,,,,,,,,,,,,,,,,,,,,,,,,,,,,,,,
European Economic Area,,337,19,30,34,55,10,31,24,57,13,13,10,21,19,,377,22,34,32,63,12,33,25,61,23,16,13,25,16
,Icelandic,27,3,2,5,4,1,4,1,2,-,-,-,2,3,,30,2,3,3,7,1,4,1,2,1,-,1,2,3
,Norwegian,176,9,21,19,34,3,17,15,18,8,5,6,9,10,,198,14,24,20,34,4,18,13,20,16,8,6,13,9
,Swiss,134,7,7,10,17,7,10,7,38,5,8,4,9,5,,149,6,7,9,23,7,10,11,40,6,9,6,11,4
,,,,,,,,,,,,,,,,,,,,,,,,,,,,,,,
Rest of World,,"67,294","3,805","7,612","6,126","8,409","1,889","6,742","6,445","7,559","3,108","2,279","2,873","6,101","4,346",,"70,541","4,192","8,384","6,378","8,806","2,016","6,973","6,614","7,872","3,221","2,350","2,891","6,360","4,483"
,Afghan,115,9,13,7,13,4,19,9,10,5,2,6,12,5,,117,9,14,11,11,4,19,10,8,5,4,5,12,4
,Albanian,85,3,9,2,16,1,7,13,5,4,6,1,10,9,,89,3,10,2,16,1,7,11,7,2,9,2,12,8
,Algerian,65,5,3,8,17,-,3,7,11,1,5,2,2,2,,71,4,8,10,18,-,4,8,8,1,5,2,2,3
,American,950,57,127,88,115,35,85,78,98,73,41,46,62,46,,"1,043",65,145,87,121,38,98,93,114,75,43,54,60,50
,American Samoan,1,-,-,-,1,-,-,-,-,-,-,-,-,-,,-,-,-,-,-,-,-,-,-,-,-,-,-,-
,Angolan,22,1,1,1,2,-,5,2,2,1,0,1,3,4,,23,2,1,1,3,-,6,1,2,1,-,1,1,4
,Antiguan,5,2,-,-,1,-,-,-,-,-,1,1,-,-,,10,2,-,-,2,-,-,-,1,-,1,1,3,-
,Argentine,26,4,2,2,3,1,4,1,2,1,2,4,-,-,,28,1,3,2,3,1,5,3,2,-,2,3,1,2
,Armenian,7,-,-,1,1,-,-,2,1,-,-,-,1,1,,6,-,-,1,1,-,1,1,1,-,-,-,1,-
,Aruban,2,-,-,-,-,-,-,-,1,-,-,-,1,-,,2,-,-,-,-,-,-,-,1,-,-,-,1,-
,Australian,"1,672",31,86,126,253,16,93,552,223,84,80,46,35,47,,"1,892",29,86,181,282,18,95,620,250,96,83,49,44,59
,Azerbaijani,7,-,-,-,4,-,2,1,1,-,-,-,-,-,,5,-,0,-,1,-,2,-,2,-,-,-,-,-
,Bahamian,7,-,1,2,-,-,2,-,-,1,-,-,1,-,,16,1,1,3,-,1,2,-,-,-,2,-,5,1
,Bahraini,18,2,2,-,1,1,3,2,2,1,-,1,1,2,,20,1,3,-,1,1,4,1,2,2,-,1,2,3
,Bangladeshi,468,23,38,26,128,9,55,42,44,15,7,7,42,32,,512,32,53,31,116,5,60,47,51,18,12,9,53,24
,Barbadian,103,6,11,5,23,2,7,9,18,2,4,3,6,8,,101,9,11,2,25,2,4,9,16,1,5,4,6,9
,Barbudan,-,-,-,-,-,-,-,-,-,-,-,-,-,-,,1,1,-,-,-,-,-,-,-,-,-,-,-,-
,Basotho,5,-,1,-,-,-,-,-,-,1,-,-,1,2,,3,-,-,-,-,-,1,-,-,1,-,-,-,1
,Belarusian,28,1,1,2,4,1,2,1,5,2,1,1,1,6,,29,3,2,3,2,-,4,3,5,1,1,3,1,2
,Belizean,4,-,-,0,-,-,1,-,1,-,-,-,-,1,,4,-,-,0,-,-,2,-,1,-,-,-,-,1
,Beninese,4,-,-,-,-,-,2,1,-,-,-,-,1,0,,5,-,-,-,-,-,2,1,-,-,-,-,1,1
,Bermudian,6,2,-,-,1,1,-,-,-,-,-,-,2,-,,4,1,1,-,-,-,-,-,-,-,-,-,2,-
,Bhutanese,3,-,-,0,-,-,-,-,1,-,-,1,-,1,,3,-,-,1,-,-,-,-,-,-,-,1,-,1
,Bolivian,13,-,-,4,1,-,-,2,3,1,1,-,1,-,,17,1,-,4,2,-,-,2,4,1,1,-,1,-
,Bosnian,19,3,1,2,3,-,-,2,2,0,1,1,1,4,,23,3,1,4,2,-,-,5,1,1,1,1,1,4
,Brazilian,285,11,27,29,51,2,18,33,31,15,17,29,15,8,,312,15,38,27,60,2,16,35,32,17,16,32,14,9
,British Virgin Islander,18,2,-,1,3,1,-,-,4,2,-,-,2,3,,23,4,1,-,4,1,2,-,4,1,-,1,2,5
,Bruneian,42,10,5,3,3,4,8,2,1,-,-,1,4,2,,51,11,5,4,-,5,9,2,3,-,1,3,6,2
,Burkinabe,7,-,1,-,5,-,-,-,-,-,-,-,1,-,,6,-,-,-,4,-,-,1,-,-,-,-,1,-
,Burmese,235,21,31,11,13,17,25,9,19,11,5,11,28,34,,262,19,41,21,17,21,28,10,10,13,5,13,28,37
,Burundi,23,-,3,1,5,-,1,1,4,2,0,1,1,4,,24,2,2,1,4,-,1,1,6,2,1,1,-,2
,Cambodian,2,-,1,-,-,-,-,-,-,-,-,-,1,-,,2,-,1,-,-,-,-,-,-,-,-,-,1,-
,Cameroonian,219,15,13,8,27,1,31,18,29,11,8,10,33,12,,227,12,15,11,32,2,29,16,30,12,8,16,32,14
,Canadian,708,50,65,61,84,22,81,58,68,41,29,37,55,56,,771,62,75,66,92,24,79,70,61,39,34,34,69,65
,Cape Verdean,3,-,-,-,1,-,-,2,-,-,-,-,-,-,,3,-,-,-,1,-,-,2,-,-,-,-,-,-
,Caymanian,44,-,-,-,-,-,-,-,44,-,-,-,-,-,,37,-,-,-,-,-,-,-,37,-,-,-,-,-
,Central African,89,3,5,3,4,-,9,6,15,7,22,1,8,7,,78,1,3,3,4,-,10,7,11,4,18,-,10,6
,Chadian,1,-,-,-,-,-,1,-,-,-,-,-,-,-,,3,1,1,-,-,-,1,-,-,-,-,-,-,-
,Channel Islander,14,2,-,-,-,2,4,-,-,2,3,1,1,-,,11,2,-,-,-,2,3,-,-,2,2,1,-,-
,Chilean,31,1,-,2,6,-,1,3,6,2,3,1,2,4,,32,1,-,3,4,-,1,3,6,2,5,2,2,3
,Chinese,693,23,72,75,76,15,67,55,72,60,28,60,58,33,,695,27,74,76,61,18,69,58,68,59,23,57,60,43
,Colombian,106,-,10,14,19,-,7,16,18,6,2,5,6,3,,102,-,10,15,18,-,7,16,18,4,3,4,5,2
,Congolese,116,4,10,7,21,1,13,11,16,4,1,4,10,16,,127,6,11,5,20,2,19,11,12,4,4,3,12,20
,Costa Rican,2,-,-,-,-,-,-,-,-,-,-,1,1,-,,4,1,-,-,-,-,-,-,-,-,-,1,1,1
,Cuban,14,2,2,1,-,-,4,1,2,-,-,1,1,-,,14,2,2,0,-,-,5,1,3,-,-,-,1,-
,Dominican,31,-,3,1,6,-,3,7,5,-,4,3,-,-,,36,-,4,2,10,-,2,7,3,-,3,4,-,-
,Dutch Antillean,7,-,-,-,-,-,1,-,-,-,1,2,2,2,,6,-,-,-,-,-,1,-,-,-,1,1,1,2
,Ecuadorian,18,-,1,-,5,-,-,3,4,1,-,1,1,1,,18,-,1,1,6,-,-,2,5,-,1,1,-,1
,Egyptian,857,74,101,74,61,46,133,24,53,65,15,39,114,59,,973,100,123,84,61,61,149,40,48,56,18,45,113,78
,Emirati,6,1,1,-,1,1,1,-,-,-,-,-,1,-,,18,-,-,2,2,-,3,3,1,-,3,-,3,1
,Equatorial Guinean,4,1,3,-,-,-,-,-,-,-,-,-,-,-,,4,-,3,1,-,-,-,-,-,-,-,-,-,-
,Eritrean,104,1,1,2,12,-,6,12,6,6,-,3,12,44,,121,2,2,2,14,-,5,12,9,8,-,1,13,55
,Ethiopian,82,2,4,3,16,1,6,18,9,4,3,-,4,13,,79,4,4,2,14,1,7,18,7,3,3,-,4,13
,Faroese,1,-,-,-,-,-,1,-,-,-,-,-,-,-,,1,-,-,-,-,-,1,-,-,-,-,-,-,-
,Fijian,44,1,4,2,3,-,1,2,1,4,3,8,16,-,,50,2,4,3,3,-,2,2,2,2,2,7,19,1
,French Guianese,2,-,-,-,1,-,-,-,-,-,-,-,1,-,,2,-,-,-,1,-,-,-,-,-,-,-,1,-
,French Polynesian,1,-,-,-,-,1,-,-,-,-,-,-,-,-,,1,-,-,-,-,1,-,-,-,-,-,-,-,-
,Gabonese,10,-,2,-,-,-,1,-,3,1,1,-,3,-,,7,-,1,-,-,-,1,-,3,-,-,-,2,-
,Gambian,161,4,14,26,22,2,14,8,13,21,4,8,18,8,,173,5,15,31,21,1,17,7,13,23,4,5,19,11
,Georgian,11,-,2,-,1,-,-,3,1,2,-,-,2,-,,11,-,2,1,1,-,1,3,1,1,-,-,1,-
,Ghanaian,"2,066",76,139,117,555,10,98,283,457,36,74,48,63,109,,"2,171",87,147,120,590,14,107,288,479,37,84,47,69,103
,Gibraltar,7,-,5,-,1,-,1,0,-,-,-,-,-,-,,6,-,4,-,1,-,-,1,-,-,-,-,-,-
,Grenadian,49,-,6,-,8,-,1,13,9,2,4,-,3,3,,45,-,5,-,10,-,1,13,7,-,4,1,3,2
,Guadeloupe,-,-,-,-,-,-,-,-,-,-,-,-,-,-,,1,1,-,-,-,-,-,-,-,-,-,-,-,-
,Guamanian,1,-,-,-,1,-,-,-,-,-,-,-,-,-,,1,-,-,-,1,-,-,-,-,-,-,-,-,-
,Guatemalan,4,1,-,-,1,1,-,-,-,1,-,-,-,1,,4,-,-,-,1,-,-,-,1,1,-,-,-,1
,Guinean,19,1,1,1,3,-,-,2,2,-,1,2,1,5,,19,1,1,2,5,-,0,2,2,-,1,1,1,3
,Guyanese,137,7,17,7,21,-,8,15,33,7,5,9,9,1,,136,4,20,6,23,-,8,12,33,7,4,7,9,3
,Haitian,2,-,-,-,1,-,-,-,1,-,-,-,-,-,,2,-,-,-,2,-,-,-,-,-,-,-,-,-
,Honduran,8,2,-,1,-,-,2,-,1,1,-,-,2,-,,8,1,-,1,0,-,1,-,1,2,-,-,2,-
,Hong Kong (British/Chinese),76,3,7,10,8,3,8,4,4,7,3,7,6,7,,82,2,9,8,7,1,8,6,7,8,7,6,3,10
,Indian,"16,602","1,296","2,221","1,291","1,196",611,"2,421","1,249",965,945,522,704,"2,002","1,179",,"17,108","1,441","2,422","1,284","1,207",600,"2,471","1,287",965,965,530,722,"2,018","1,197"
,Indonesian,52,5,5,4,10,1,8,2,3,5,1,-,6,4,,57,6,4,2,13,2,8,3,3,5,1,2,5,4
,Iranian,305,18,28,19,41,9,40,36,32,13,16,12,18,23,,325,17,36,16,52,13,46,26,32,15,12,10,18,31
,Iraqi,257,19,29,23,16,12,51,13,20,4,8,5,25,33,,275,22,28,23,11,13,50,16,15,7,11,8,33,38
,Israeli,59,1,6,4,13,2,9,5,3,2,3,2,5,6,,62,1,7,5,12,2,6,7,7,2,1,1,7,5
,Ivorian,48,2,-,2,12,2,1,10,10,1,1,-,3,4,,45,2,-,1,11,1,-,9,12,2,1,-,1,5
,Jamaican,"1,458",59,64,39,297,3,53,156,381,64,17,14,268,44,,"1,550",69,67,44,332,2,58,156,400,66,18,10,288,40
,Japanese,207,4,21,17,36,3,19,20,24,19,10,15,10,8,,199,5,25,16,31,3,16,26,20,17,8,14,8,10
,Jordanian,118,6,12,7,11,4,28,4,8,6,3,10,7,13,,132,7,10,10,10,5,25,2,12,11,9,10,8,13
,Kazakhstani,10,-,1,2,2,-,-,1,-,-,2,-,-,2,,10,-,2,2,3,1,-,1,-,-,1,-,-,-
,Kenyan,655,39,77,36,86,14,58,88,68,32,32,30,38,57,,650,35,79,43,81,16,58,85,66,39,33,25,38,50
,Kittitian,5,-,-,1,-,-,-,-,-,-,1,-,3,-,,4,3,-,1,-,-,-,-,-,-,-,-,-,-
,Korean,84,8,6,9,13,2,7,5,14,1,3,7,4,5,,88,9,6,12,11,2,5,8,13,4,4,6,4,5
,Kuwaiti,16,-,-,1,2,-,3,3,2,2,-,-,-,3,,15,-,-,1,-,-,5,3,2,1,-,-,1,2
,Kyrgyzstani,4,1,-,1,-,-,-,2,-,-,-,-,-,-,,4,1,-,-,-,-,-,3,-,-,-,-,1,-
,Lebanese,45,4,5,5,6,-,5,4,5,2,3,-,1,5,,51,8,4,4,11,-,8,5,5,-,3,-,1,2
,Liberian,29,2,-,2,5,-,2,3,6,-,1,-,2,6,,33,3,1,2,4,-,4,2,6,-,2,1,3,5
,Libyan,146,15,5,8,3,12,48,6,5,6,-,3,15,21,,150,17,3,7,5,8,50,6,6,8,-,1,17,22
,Macedonian,19,1,4,3,3,-,-,1,2,-,2,2,1,-,,18,1,3,3,3,-,-,1,2,-,2,2,1,-
,Malagasy,2,-,1,-,-,-,-,-,-,-,-,-,1,-,,1,-,1,-,-,-,-,-,-,-,-,-,-,-
,Malawian,189,33,24,19,11,3,38,6,8,9,6,3,16,13,,190,34,28,16,13,3,34,5,8,10,4,4,19,14
,Malaysian,"1,915",190,173,123,231,104,306,134,156,60,55,56,167,160,,"2,023",195,197,127,231,117,329,130,166,63,67,63,170,168
,Maldivian,12,-,4,1,-,-,3,-,1,1,-,-,2,-,,20,1,4,2,1,-,6,1,1,1,-,1,2,-
,Malian,2,-,1,-,-,-,1,-,-,-,-,-,-,-,,1,-,-,-,-,-,1,-,-,-,-,-,-,-
,Manx,17,1,2,-,-,-,11,-,-,1,-,-,-,3,,22,1,2,1,-,-,11,1,-,1,-,-,2,4
,Mauritanian,233,13,16,40,55,6,5,27,38,1,4,4,20,4,,226,14,21,35,56,3,5,25,35,1,3,3,20,6
,Mauritian,"1,208",52,121,150,297,27,54,158,188,22,34,26,42,36,,"1,181",48,129,145,301,26,53,146,177,20,25,22,49,39
,Mexican,32,1,7,6,3,1,4,-,2,3,2,1,-,3,,42,2,8,6,3,1,4,-,1,4,4,1,4,4
,Moldovan,6,2,-,-,-,-,-,2,1,1,-,1,-,-,,11,3,-,-,2,1,1,2,1,1,-,1,-,-
,Mongolian,6,-,-,-,1,-,1,2,2,-,-,-,-,-,,6,-,1,-,1,-,1,2,1,-,-,-,-,-
,Montenegrin,1,-,-,-,-,-,-,-,-,1,-,-,-,-,,3,-,-,-,-,-,1,1,-,1,-,-,-,-
,Montserratian,2,-,-,-,-,-,-,-,-,-,-,-,2,-,,3,2,-,-,-,-,-,-,-,-,-,-,1,-
,Moroccan,44,-,6,4,9,-,2,8,4,3,4,2,1,1,,46,1,8,4,7,-,3,9,4,3,4,2,1,1
,Motswana,39,-,5,1,6,1,6,1,4,4,1,1,2,9,,41,-,4,2,7,1,6,2,4,3,1,3,2,8
,Mozambican,5,1,-,-,-,-,1,0,1,-,1,-,-,1,,9,1,3,-,-,-,1,0,1,-,1,-,-,1
,Namibian,21,1,1,3,2,-,2,-,3,6,1,-,1,2,,22,1,3,1,3,-,2,-,1,6,1,1,1,3
,Nepalese,"1,354",17,92,504,100,19,26,225,121,41,50,84,47,27,,"1,394",18,113,481,115,19,17,237,128,44,52,93,49,29
,New Zealand,571,14,53,46,106,8,28,85,100,37,22,26,19,27,,569,18,48,56,96,7,26,86,104,43,19,21,19,26
,Nicaraguan,1,-,-,-,-,-,-,-,-,-,-,1,-,-,,1,-,-,-,-,-,-,-,-,-,-,1,-,-
,Nigerian,"4,605",175,325,237,"1,084",61,382,470,"1,097",120,107,89,260,198,,"4,894",204,379,261,"1,143",88,385,487,"1,146",115,108,87,282,209
,Nigerien,85,1,6,6,15,1,8,12,12,2,4,-,13,7,,111,3,8,6,22,2,13,14,15,3,4,-,15,6
,Ni-Vanuatu,1,-,-,-,-,-,1,-,-,-,-,-,-,-,,1,-,-,-,-,-,1,-,-,-,-,-,-,-
,Norfolk Islander,2,-,-,-,-,-,1,-,1,-,-,-,-,-,,2,-,-,-,-,-,1,-,1,-,-,-,-,-
,Omani,16,1,10,-,1,1,0,-,-,2,1,-,-,-,,23,1,9,-,3,3,1,-,-,2,1,1,-,2
,Pakistani,"2,945",251,251,163,233,116,605,144,146,97,74,78,396,391,,"3,191",306,313,194,231,124,648,145,142,90,83,79,441,395
,Palauan,2,-,-,-,1,-,-,-,-,-,-,-,-,1,,2,-,-,-,1,-,-,-,-,-,-,-,-,1
,Palestinian,-,-,-,-,-,-,-,-,-,-,-,-,-,-,,9,-,-,1,2,-,1,2,-,2,-,1,-,-
,Panamanian,3,-,-,-,-,-,1,1,-,1,-,-,-,-,,3,-,-,-,-,-,1,1,-,1,-,-,-,-
,Papua New Guinean,6,1,-,1,1,-,2,-,-,1,-,-,-,-,,8,1,-,1,1,-,2,-,-,1,1,-,-,1
,Paraguayan,1,-,-,-,-,1,-,-,-,-,-,-,-,-,,2,-,-,-,-,1,-,-,-,-,-,1,-,-
,Peruvian,37,2,3,6,3,-,5,2,7,1,2,4,2,1,,42,2,4,7,4,-,4,5,6,1,1,5,3,2
,Philippine,"13,243",431,"1,958","1,702","1,463",424,851,"1,206","1,608",619,405,824,"1,059",694,,"14,201",453,"2,164","1,817","1,656",477,892,"1,211","1,817",654,415,837,"1,116",694
,Pitcairn Islander,-,-,-,-,-,-,-,-,-,-,-,-,-,-,,1,1,-,-,-,-,-,-,-,-,-,-,-,-
,Pohnpeian,1,-,-,-,-,-,-,1,-,-,-,-,-,-,,1,-,-,-,-,-,-,1,-,-,-,-,-,-
,Puerto Rican,1,-,-,-,-,-,-,-,-,-,-,1,-,-,,1,-,-,1,-,-,-,-,-,-,-,-,-,-
,Qatari,3,-,-,-,-,-,2,-,-,-,1,-,-,-,,4,-,-,-,-,-,2,-,-,-,2,-,-,-
,Reunionese,3,-,-,-,-,-,-,-,-,-,-,-,3,-,,3,-,-,-,-,-,-,-,-,-,-,-,3,-
,Russian,152,10,18,14,19,5,9,18,12,10,8,11,12,5,,171,11,23,15,20,7,11,19,13,12,8,10,15,8
,Rwandan,40,1,1,1,6,-,-,3,10,1,7,3,3,4,,41,1,3,1,7,-,-,5,11,2,6,-,2,4
,Saint Helenian,1,-,-,-,1,-,-,-,-,-,-,-,-,-,,2,-,1,-,1,-,-,-,-,-,-,-,-,-
,Saint Lucian,57,2,7,3,19,-,2,6,12,-,2,4,1,-,,66,1,7,3,23,-,2,7,11,2,2,5,2,2
,Saint Vincentian,29,-,1,3,5,-,1,4,4,2,5,4,1,-,,29,-,2,3,4,-,1,4,6,4,4,2,1,-
,Salvadoran,4,-,-,1,-,-,-,1,1,-,1,-,-,-,,5,-,-,1,-,-,-,1,2,-,1,-,-,-
,Samoan,3,1,-,-,1,-,1,-,-,-,-,-,-,-,,2,1,-,-,1,-,-,-,-,-,-,-,-,-
,Saudi Arabian,27,4,3,2,2,-,6,3,1,3,2,-,2,-,,34,2,3,2,3,-,4,4,-,5,3,1,4,4
,Senegalese,21,-,1,1,4,-,0,6,4,4,-,-,2,-,,23,1,1,1,4,-,0,5,3,6,-,-,2,-
,Serbian,67,4,8,9,13,2,7,8,4,2,4,1,4,2,,77,6,9,8,16,2,8,6,5,3,5,1,4,4
,Seychellois,30,-,-,6,6,-,0,6,6,2,-,1,1,2,,29,1,-,7,5,-,0,6,5,1,-,1,1,3
,Sierra Leonean,469,6,15,17,122,-,16,61,190,9,13,2,11,8,,475,8,22,18,116,-,12,64,193,9,13,2,9,8
,Singaporean,284,12,35,29,39,4,30,37,28,13,12,11,19,14,,302,13,36,19,40,7,33,38,38,10,14,11,22,19
,Somali,189,7,3,5,32,-,16,34,9,43,6,1,16,18,,207,11,5,6,34,-,16,34,12,50,7,2,12,20
,South African,"1,527",52,196,156,176,37,110,152,173,94,89,105,127,60,,"1,512",55,199,159,168,38,106,149,169,104,87,96,124,58
,Sri Lankan,"1,194",73,196,120,141,31,80,110,108,50,44,55,116,72,,"1,215",86,203,123,145,25,85,110,105,46,47,49,123,67
,Sudanese,424,36,46,24,21,48,80,9,21,18,6,8,51,56,,451,42,58,26,19,63,77,8,20,17,10,9,45,57
,Surinamese,1,-,-,-,-,-,-,-,1,-,-,-,-,-,,-,-,-,-,-,-,-,-,-,-,-,-,-,-
,Swazi,28,2,6,3,4,1,1,2,1,2,-,2,5,-,,32,3,5,4,5,1,2,2,3,2,-,2,4,-
,Syrian,133,3,12,15,12,7,24,7,7,5,4,3,12,22,,140,7,13,12,9,7,24,6,5,6,5,8,13,25
,Taiwanese,24,-,2,2,1,1,2,6,2,2,1,1,4,1,,29,-,1,4,2,1,5,4,4,2,1,2,3,2
,Tajikistani,-,-,-,-,-,-,-,-,-,-,-,-,-,-,,1,-,1,-,-,-,-,-,-,-,-,-,-,-
,Tanzanian,118,7,11,11,20,7,6,12,10,1,8,7,10,7,,122,7,9,13,21,6,7,13,11,3,8,5,11,8
,Thai,205,12,30,31,7,9,34,6,8,22,4,11,14,19,,227,13,29,33,8,7,38,5,6,27,6,19,13,24
,Timorese,3,-,-,-,1,-,-,-,-,-,2,-,-,-,,2,-,-,-,1,-,-,-,-,-,2,-,-,-
,Tobagonian,18,-,2,1,-,1,1,3,3,1,0,-,4,2,,17,2,2,1,-,-,3,2,2,1,0,-,3,1
,Togolese,9,-,1,0,1,1,1,2,1,-,-,-,1,0,,10,-,1,-,2,1,1,2,1,-,-,-,1,1
,Tongan,2,-,-,1,-,-,-,-,-,-,-,-,1,-,,2,-,-,1,-,-,-,-,-,-,-,-,1,-
,Trinidadian,559,22,56,41,117,7,27,77,94,17,22,6,44,29,,557,25,56,43,118,7,27,71,92,18,21,7,43,31
,Trukese,1,-,-,-,1,-,-,-,-,-,-,-,-,-,,1,-,-,-,1,-,-,-,-,-,-,-,-,-
,Tunisian,30,1,6,6,5,-,2,-,-,2,1,2,2,3,,34,1,6,4,6,-,2,-,2,4,1,1,4,3
,Turkish,150,9,13,11,28,8,18,15,13,5,4,6,12,8,,157,7,15,16,31,7,15,17,14,6,6,7,10,6
,Turkmen,3,-,1,-,-,-,-,-,-,1,1,-,-,-,,3,-,1,-,-,-,-,-,-,1,1,-,-,-
,Tuvaluan,1,-,-,-,1,-,-,-,-,-,-,-,-,-,,1,-,-,-,1,-,-,-,-,-,-,-,-,-
,Ugandan,414,5,23,34,94,4,17,60,99,14,19,15,13,16,,444,10,25,35,111,4,19,66,107,12,18,9,12,16
,Ukrainian,135,9,17,13,16,3,12,17,7,10,2,4,18,7,,140,11,16,12,18,3,14,16,10,12,3,6,14,8
,Uruguayan,2,-,1,-,1,-,-,-,-,-,-,1,-,-,,4,1,1,-,1,-,-,-,-,-,-,2,-,-
,Uzbekistani,28,-,3,4,8,-,2,3,2,1,-,4,2,1,,24,-,4,3,6,-,1,3,3,1,-,2,2,1
,Venezuelan,32,3,5,5,3,-,2,3,3,3,1,1,2,1,,38,2,5,6,7,-,2,2,6,3,-,1,5,1
,Vietnamese,24,-,2,1,1,1,3,2,4,1,-,5,3,1,,32,1,3,1,3,2,3,6,4,1,-,4,3,2
,Yemeni,16,1,-,-,2,-,2,2,1,-,-,-,5,3,,16,-,-,-,2,-,2,3,1,-,-,-,6,3
,Zambian,449,36,47,28,58,2,60,32,35,17,18,15,34,66,,430,40,45,23,53,2,54,29,32,19,17,15,35,65
,Zimbabwean,"3,659",355,450,307,422,62,231,314,281,111,205,170,424,325,,"3,572",330,466,297,406,60,234,289,258,112,201,149,448,322
,Unknown,2,1,-,1,-,-,-,-,-,-,-,-,-,-,,1,1,-,-,-,-,-,-,-,-,-,-,-,-
,,,,,,,,,,,,,,,,,,,,,,,,,,,,,,,
Unknown,,"78,500","4,737","10,454","7,253","1,739","1,535","5,711","8,373","3,363","10,321","9,089","1,234","7,057","7,632",,"70,270","2,577","9,840","6,348","1,499","1,277","5,577","7,241","3,218","9,470","8,457","1,135","6,186","7,447"
,,,,,,,,,,,,,,,,,,,,,,,,,,,,,,,
"Source: NHS Digital, Provisional NHS Hospital & Community Health Service (HCHS) monthly workforce statistics.",,,,,,,,,,,,,,,,,,,,,,,,,,,,,,
"Copyright © 2017 Health and Social Care Information Centre. The Health and Social Care Information Centre is a non-departmental body created by statute, also known as NHS Digital.",,,,,,,,,,,,,,,,,,,,,,,,,,,,,,

Notes:,,,,,,,,,,,,,,,,,,,,,,,,,,,,,,
Full time equivalent figures are rounded to the nearest whole number.,,,,,,,,,,,,,,,,,,,,,,,,,,,,,,
'-' denotes zero ,,,,,,,,,,,,,,,,,,,,,,,,,,,,,,
" '0' denotes more than zero, less than 0.5.",,,,,,,,,,,,,,,,,,,,,,,,,,,,,,
,,,,,,,,,,,,,,,,,,,,,,,,,,,,,,,
"The nationality field available within the Electronic Staff Record (ESR) system upon which these figures are based, contains self-reported information from individual employees.",,,,,,,,,,,,,,,,,,,,,,,,,,,,,,
Nationally thousands of NHS staff records do not contain useful data with people choosing not to specify their nationality or not asked to.,,,,,,,,,,,,,,,,,,,,,,,,,,,,,,
"In addition, as nationality is self-reported the value entered by an individual may reflect their cultural heritage rather than their country of birth. As such, these figures should be treated with a significant degree of caution.",,,,,,,,,,,,,,,,,,,,,,,,,,,,,,
"Therefore these figures do not necessarily equate to migrants from other countries, and such data is not captured elsewhere in the workforce systems.",,,,,,,,,,,,,,,,,,,,,,,,,,,,,,
Additional categories for countries in the UK are now showing in tables relating to nationality.,,,,,,,,,,,,,,,,,,,,,,,,,,,,,,
"Numbers in each nationality group may increase over time as more staff provide nationality information and ""Unknowns"" decrease.",,,,,,,,,,,,,,,,,,,,,,,,,,,,,,

"Following a public consultation in 2015, categorisation of Trusts and staff groups has changed therefore restricting comparability with publications prior to 2009. ",,,,,,,,,,,,,,,,,,,,,,,,,,,,,,
More details regarding these changes can be found in the outcomes of the consultation document available at the link below.,,,,,,,,,,,,,,,,,,,,,,,,,,,,,,
http://content.digital.nhs.uk/hchs,,,,,,,,,,,,,,,,,,,,,,,,,,,,,,

Data Quality,,,,,,,,,,,,,,,,,,,,,,,,,,,,,,
NHS Digital seeks to minimise inaccuracies and the effect of missing and invalid data but responsibility for data accuracy lies with the organisations providing the data. ,,,,,,,,,,,,,,,,,,,,,,,,,,,,,,
"Methods are continually being updated to improve data quality.  Where changes impact on figures already published, this is assessed but unless it is significant at national level figures are not changed.",,,,,,,,,,,,,,,,,,,,,,,,,,,,,,
,,,,,,,,,,,,,,,,,,,,,,,,,,,,,,,





,,,,,,,,,,,,,,,,,,,,,,,,,,,,,,,
,,,,,,,,,,,,,,,,,,,,,,,,,,,,,,,
,,,,,,,,,,,,,,,,,,,,,,,,,,,,,,,
